{
  "recall": {
    "recall@5": 0.8571428571428571,
    "recall@10": 0.8571428571428571,
    "recall@30": 1.0
  },
  "judge": {
    "grounded": 4.75,
    "relevant": 5.0,
    "honest": 4.0
  }
}